Worksheet Filter,Measure Display,Number of Records,Avg Sale To List,Avg Sale To List Mom,Avg Sale To List Yoy,City,Homes Sold,Homes Sold Mom,Homes Sold Yoy,Inventory,Inventory Mom,Inventory Yoy,Median Dom,Median Dom Mom,Median Dom Yoy,Median List Ppsf,Median List Ppsf Mom,Median List Ppsf Yoy,Median List Price,Median List Price Mom,Median List Price Yoy,Median Ppsf,Median Ppsf Mom,Median Ppsf Yoy,Median Sale Price,Median Sale Price Mom,Median Sale Price Yoy,months_of_supply,months_of_supply_mom,months_of_supply_yoy,New Listings,New Listings Mom,New Listings Yoy,Period Begin,Period Duration,Period End,Price Drops,Price Drops Mom,Price Drops Yoy,Property Type,Region,Region Type,Sold Above List,Sold Above List Mom,Sold Above List Yoy,State,State Code,Table Id
Value,,1,0.968704059,0.00%,-0.10%,Chicago,2098,-15.20%,17.10%,10078,1.20%,-6.20%,86,13,1,173.9373898,0.35658188,0.076989037,249900,0.389105058,0.092459016,146.8253968,-0.124098219,-0.004573581,$215K,-10.30%,2.40%,4.8,0.8,-1.2,2887,63.70%,-1.00%,1/1/16,30,1/31/16,0.142984719,0.011593459,-0.027465597,All Residential,"Chicago, IL",place,0.216499762,-0.004599673,-0.004047419,Illinois,IL,29470
Value,,1,0.970826833,0.20%,0.40%,Chicago,1876,-10.60%,7.40%,10969,8.80%,-3.30%,84,-2,-6,202.9840389,0.166994854,0.015145782,283450,0.134253701,0.045940959,152.8368306,0.040942738,0.103821554,$225K,4.70%,13.20%,5.8,1,-0.7,4130,43.10%,16.80%,2/1/16,30,2/29/16,0.146868447,0.003883728,0.006152524,All Residential,"Chicago, IL",place,0.221748401,0.005248639,-0.004482985,Illinois,IL,29470
Value,,1,0.980057011,0.90%,0.80%,Chicago,2393,27.60%,0.80%,11762,7.20%,-3.50%,79,-5,-4,206.7615385,0.018609836,0.047591795,289900,0.022755336,0.074101519,166.6666667,0.090487587,0.060914154,$250K,10.90%,10.90%,4.9,-0.9,-0.2,4835,17.10%,-1.10%,3/1/16,30,3/31/16,0.165022955,0.018154508,-0.010795809,All Residential,"Chicago, IL",place,0.264632107,0.042883706,0.019794349,Illinois,IL,29470
Value,,1,0.986221847,0.60%,1.00%,Chicago,2908,21.50%,2.10%,12285,4.40%,-6.00%,60,-19,-7,206.491063,-0.001308152,0.08489175,285000,-0.01690238,0.055946647,196.7049685,0.180229811,0.126968158,$270K,8.20%,5.90%,4.2,-0.7,-0.4,4809,-0.50%,-4.70%,4/1/16,30,4/30/16,0.167114367,0.002091412,-0.020883183,All Residential,"Chicago, IL",place,0.274759285,0.010127178,0.026956121,Illinois,IL,29470
Value,,1,0.98304026,-0.30%,0.10%,Chicago,3204,10.20%,-1.90%,12723,3.60%,-6.40%,56,-4,-1,198.4128679,-0.039121282,0.04617694,284450,-0.001929825,0.053908855,201.2241414,0.022974371,0.06357694,$285K,5.60%,5.90%,4,-0.2,-0.2,4778,-0.60%,2.30%,5/1/16,30,5/31/16,0.179203018,0.012088651,-0.007570558,All Residential,"Chicago, IL",place,0.265917603,-0.008841682,0.001986188,Illinois,IL,29470
Value,,1,0.987391,0.40%,0.50%,Chicago,3692,15.20%,-9.80%,12990,2.10%,-5.40%,54,-2,-3,194.4722222,-0.019860837,0.026219585,274724,-0.034192301,0.03669434,206.25,0.02497642,0.035524611,$280K,-1.80%,1.80%,3.5,-0.5,0.1,4669,-2.30%,0.40%,6/1/16,30,6/30/16,0.206235566,0.027032548,-0.003926769,All Residential,"Chicago, IL",place,0.292524377,0.026606774,0.03586992,Illinois,IL,29470
Value,,1,0.986588127,-0.10%,0.70%,Chicago,3343,-9.50%,-14.90%,13054,0.50%,-4.90%,56,2,-6,188.9848812,-0.02821658,0.031371473,274000,-0.002635372,0.057915058,203.5770647,-0.012959686,0.017885324,$290K,3.60%,5.50%,3.9,0.4,0.4,4092,-12.40%,-4.60%,7/1/16,30,7/31/16,0.199325877,-0.006909689,-0.020993342,All Residential,"Chicago, IL",place,0.294135248,0.001610871,0.060369015,Illinois,IL,29470
Value,,1,0.982905574,-0.40%,0.30%,Chicago,3628,8.50%,20.50%,12691,-2.80%,-5.20%,61,5,-2,178.5714286,-0.055102041,0.04411847,259900,-0.051459854,0.06124949,194.4956194,-0.044609373,0.004157838,$270K,-7.10%,1.30%,3.5,-0.4,-0.9,3902,-4.60%,1.70%,8/1/16,30,8/31/16,0.214797888,0.015472011,-0.002268539,All Residential,"Chicago, IL",place,0.268743109,-0.025392139,0.046816199,Illinois,IL,29470
Value,,1,0.979693736,-0.30%,-0.20%,Chicago,3020,-16.80%,52.90%,12853,1.30%,-2.50%,63,2,-2,196.4622642,0.100188679,0.06307914,277450,0.067525972,0.067525972,187.5,-0.035968005,0.056142668,$257K,-4.80%,2.80%,4.3,0.8,-2.4,3821,-2.10%,2.80%,9/1/16,30,9/30/16,0.227262118,0.01246423,0.00068954,All Residential,"Chicago, IL",place,0.243046358,-0.025696752,0.007096991,Illinois,IL,29470
Value,,1,0.980585057,0.10%,0.50%,Chicago,2660,-11.90%,-10.90%,12356,-3.90%,-2.10%,65,2,-4,175,-0.109243697,0.087058824,250000,-0.098936745,0.042100875,173.9054532,-0.07250425,0.067815561,$252K,-1.80%,6.30%,4.6,0.3,0.4,3109,-18.60%,-2.00%,10/1/16,30,10/31/16,0.210990612,-0.016271506,-0.006486809,All Residential,"Chicago, IL",place,0.241353383,-0.001692974,0.012695868,Illinois,IL,29470
Value,,1,0.974871978,-0.60%,0.10%,Chicago,2339,-12.10%,7.00%,11338,-8.20%,-2.40%,66,1,-3,158.2655502,-0.095625427,0.062426154,239000,-0.044,0.091324201,171.8333333,-0.011915209,0.087552743,$248K,-1.60%,10.20%,4.8,0.2,-0.5,2429,-21.90%,2.90%,11/1/16,30,11/30/16,0.175427765,-0.035562847,0.006236715,All Residential,"Chicago, IL",place,0.237810094,-0.003543289,-0.001878265,Illinois,IL,29470
Value,,1,0.974387836,0.00%,0.50%,Chicago,2321,-0.80%,-6.20%,9538,-15.90%,-4.20%,72,6,-1,146.1056604,-0.076832197,0.139515154,212000,-0.112970711,0.178432462,180.1152738,0.04819752,0.074495915,$255K,2.80%,6.40%,4.1,-0.7,0.1,1679,-30.90%,-4.80%,12/1/16,30,12/31/16,0.132941917,-0.042485848,0.001550656,All Residential,"Chicago, IL",place,0.228349849,-0.009460245,0.007250415,Illinois,IL,29470
Value,,1,,,,Dallas,736,-40.00%,4.80%,2687,5.10%,-1.80%,41,0,1,162.8371628,0.209259006,0.108528328,324900,0.431277533,0.164516129,139.4555408,-0.005796474,0.170405246,$247K,-4.90%,22.10%,3.7,1.6,-0.2,1299,54.30%,7.70%,1/1/16,30,1/31/16,0.20729438,0.039845241,0.018401432,All Residential,"Dallas, TX",place,,,,Texas,TX,30794
Value,,1,,,,Dallas,975,32.50%,6.80%,2776,3.30%,1.50%,36,-5,-3,171.0032718,0.050148927,0.112462239,325000,0.000307787,0.086956522,143.1713555,0.026645157,0.064404974,$249K,1.00%,0.00%,2.8,-0.9,-0.2,1482,14.10%,17.10%,2/1/16,30,2/29/16,0.195965418,-0.011328962,0.039898166,All Residential,"Dallas, TX",place,,,,Texas,TX,30794
Value,,1,,,,Dallas,1293,32.60%,9.80%,3062,10.30%,13.60%,28,-8,-3,169.9609763,-0.006095179,0.105610733,349900,0.076615385,0.096865204,151.4736405,0.05798845,0.063794245,$289K,16.00%,5.20%,2.4,-0.4,0.1,1792,20.90%,19.50%,3/1/16,30,3/31/16,0.230241672,0.034276254,0.053989353,All Residential,"Dallas, TX",place,,,,Texas,TX,30794
Value,,1,,,,Dallas,1265,-2.20%,0.00%,3196,4.40%,10.40%,27,-1,-1,167.9356304,-0.011916535,0.124149589,340000,-0.028293798,0.172818213,157.530648,0.039987205,0.107689188,$299K,3.30%,10.60%,2.5,0.1,0.2,1714,-4.40%,-2.30%,4/1/16,30,4/30/16,0.239674593,0.009432921,0.043751995,All Residential,"Dallas, TX",place,,,,Texas,TX,30794
Value,,1,,,,Dallas,1413,11.70%,4.60%,3208,0.40%,6.40%,25,-2,1,169.8842751,0.011603521,0.095738486,326500,-0.039705882,0.05331245,158.6578293,0.007155315,0.080988677,$300K,0.30%,3.60%,2.3,-0.2,0.1,1588,-7.40%,-7.80%,5/1/16,30,5/31/16,0.247817955,0.008143362,0.027658804,All Residential,"Dallas, TX",place,,,,Texas,TX,30794
Value,,1,,,,Dallas,1337,-5.40%,-5.00%,3352,4.50%,7.90%,27,2,3,164.0292781,-0.03446462,0.133756772,329000,0.007656968,0.175419793,163.8920935,0.032990898,0.107185879,$300K,0.20%,7.20%,2.5,0.2,0.3,1664,4.80%,-0.20%,6/1/16,30,6/30/16,0.283114558,0.035296603,0.044620835,All Residential,"Dallas, TX",place,,,,Texas,TX,30794
Value,,1,,,,Dallas,1187,-11.20%,-16.80%,3458,3.20%,6.30%,27,0,-1,164.4479248,0.002552268,0.134267681,319000,-0.030395137,0.181919229,150.7392076,-0.080253328,0.056180349,$275K,-8.30%,1.40%,2.9,0.4,0.6,1529,-8.10%,-10.00%,7/1/16,30,7/31/16,0.267784847,-0.015329712,0.010404773,All Residential,"Dallas, TX",place,,,,Texas,TX,30794
Value,,1,,,,Dallas,1288,8.50%,2.80%,3367,-2.60%,2.80%,31,4,2,159.7957814,-0.028289462,0.114644543,299500,-0.061128527,0.109670248,153.1424668,0.015943159,0.115156079,$290K,5.40%,16.00%,2.6,-0.3,0,1542,0.90%,0.80%,8/1/16,30,8/31/16,0.276804277,0.00901943,0.008489258,All Residential,"Dallas, TX",place,,,,Texas,TX,30794
Value,,1,,,,Dallas,1202,-6.70%,7.60%,3520,4.50%,2.60%,29,-2,-2,171.5366105,0.073473961,0.106889539,345900,0.154924875,0.153384461,152.8573812,-0.001861571,0.066900214,$295K,1.70%,13.40%,2.9,0.3,-0.2,1523,-1.20%,3.80%,9/1/16,30,9/30/16,0.273579545,-0.003224731,0.002813005,All Residential,"Dallas, TX",place,,,,Texas,TX,30794
Value,,1,,,,Dallas,1066,-11.30%,-3.70%,3494,-0.70%,5.10%,34,5,1,163.5478891,-0.046571524,0.057197311,311250,-0.100173461,0.0409699,155.6617399,0.018346244,0.11926718,$297K,0.70%,17.60%,3.3,0.4,0.3,1382,-9.30%,3.60%,10/1/16,30,10/31/16,0.275901546,0.002322,-0.005771641,All Residential,"Dallas, TX",place,,,,Texas,TX,30794
Value,,1,,,,Dallas,1044,-2.10%,15.60%,3273,-6.30%,6.90%,37,3,2,156.3254831,-0.044160802,0.100540631,299000,-0.03935743,0.111937523,151.6715075,-0.025633996,0.065766975,$294K,-1.00%,13.50%,3.1,-0.2,-0.3,1120,-19.00%,2.00%,11/1/16,30,11/30/16,0.22425909,-0.051642456,0.002254519,All Residential,"Dallas, TX",place,,,,Texas,TX,30794
Value,,1,,,,Dallas,1072,2.70%,-12.60%,2742,-16.20%,7.30%,40,3,-1,150.1329787,-0.039612891,0.114915376,259450,-0.132274247,0.142951542,149.4753904,-0.014479431,0.065636828,$270K,-8.20%,4.10%,2.6,-0.5,0.5,864,-22.90%,2.60%,12/1/16,30,12/31/16,0.153537564,-0.070721526,-0.013911575,All Residential,"Dallas, TX",place,,,,Texas,TX,30794
Value,,1,0.98445618,-0.60%,-0.70%,Denver,870,-36.70%,17.10%,1770,0.30%,16.90%,45,4,12,215.2388593,0.052278868,0.095239674,350000,0.083926912,0.111111111,192.8016252,-0.057100006,0.09122059,$317K,0.80%,13.00%,2,0.7,0,1059,59.20%,-0.50%,1/1/16,30,1/31/16,0.193785311,0.033445367,-0.008988798,All Residential,"Denver, CO",place,0.262068966,-0.025622222,0.003657122,Colorado,CO,5155
Value,,1,0.994433788,1.00%,-0.10%,Denver,934,7.40%,11.20%,1835,3.70%,27.40%,41,-4,6,214.2177087,-0.004744267,0.064640519,355000,0.014285714,0.04719764,208.5115178,0.081482159,0.117068755,$326K,2.70%,6.90%,2,0,0.3,1271,20.00%,12.00%,2/1/16,30,2/29/16,0.189100817,-0.004684493,0.005767484,All Residential,"Denver, CO",place,0.316184352,0.054115386,-0.040958506,Colorado,CO,5155
Value,,1,1.002347153,0.80%,-0.10%,Denver,1215,30.10%,-4.30%,1551,-15.50%,-4.60%,28,-13,9,225.4227734,0.052306902,0.113961125,365000,0.028169014,0.102719033,207.5471698,-0.004624915,0.058823529,$344K,5.50%,7.50%,1.3,-0.7,0,1555,22.30%,-2.10%,3/1/16,30,3/31/16,0.263056093,0.073955275,0.063179094,All Residential,"Denver, CO",place,0.394563427,0.078379075,0.002607591,Colorado,CO,5155
Value,,1,1.006520708,0.40%,-0.30%,Denver,1358,11.80%,3.80%,1633,5.30%,-14.60%,14,-14,2,228.3702213,0.0130752,0.122266457,370000,0.01369863,0.088235294,212.8602169,0.025599227,0.094507482,$360K,4.70%,10.80%,1.2,-0.1,-0.3,1734,11.50%,-5.30%,4/1/16,30,4/30/16,0.289038579,0.025982486,0.079310546,All Residential,"Denver, CO",place,0.434782609,0.040219182,-0.038458982,Colorado,CO,5155
Value,,1,1.011135593,0.50%,-0.10%,Denver,1455,7.10%,12.20%,1719,5.30%,-19.50%,7,-7,-6,227.9653081,-0.001773056,0.111666166,375000,0.013513514,0.091782517,219.0237797,0.028955917,0.062972551,$360K,0.00%,7.50%,1.2,0,-0.4,1761,1.60%,-4.30%,5/1/16,30,5/31/16,0.346713205,0.057674626,0.113098973,All Residential,"Denver, CO",place,0.482118294,0.047335686,-0.015954181,Colorado,CO,5155
Value,,1,1.009798949,-0.10%,-0.30%,Denver,1514,4.10%,-10.40%,2041,18.70%,-10.10%,7,0,-6,230.2519264,0.010030554,0.122039845,370500,-0.012,0.14,224.6980399,0.025907051,0.105611001,$363K,0.90%,11.00%,1.3,0.1,0,1932,9.70%,6.30%,6/1/16,30,6/30/16,0.414012739,0.067299534,0.121061197,All Residential,"Denver, CO",place,0.473579921,-0.008538374,-0.035597107,Colorado,CO,5155
Value,,1,1.003688656,-0.60%,-0.50%,Denver,1424,-5.90%,-16.70%,2151,5.40%,-14.60%,8,1,-12,216.9900434,-0.057597273,0.074698719,350000,-0.055330634,0.09375,226.3829599,0.007498597,0.151205076,$370K,1.90%,18.20%,1.5,0.2,0,1667,-13.70%,-11.50%,7/1/16,30,7/31/16,0.387261739,-0.026751,0.080272064,All Residential,"Denver, CO",place,0.417427969,-0.056151952,-0.040466768,Colorado,CO,5155
Value,,1,1.002509722,-0.10%,-0.30%,Denver,1506,5.80%,-2.10%,2218,3.10%,-16.10%,11,3,-12,223.0817033,0.028073453,0.067659564,350000,0,0.077088783,216.2805257,-0.044625418,0.058945891,$350K,-5.40%,10.60%,1.5,0,-0.2,1723,3.40%,-0.20%,8/1/16,30,8/31/16,0.418845807,0.031584068,0.10391197,All Residential,"Denver, CO",place,0.38247012,-0.03495785,-0.028186151,Colorado,CO,5155
Value,,1,0.998155884,-0.40%,-0.30%,Denver,1364,-9.40%,14.10%,2309,4.10%,-14.60%,13,2,-11,231.2072983,0.036424301,0.127022242,374950,0.071285714,0.119587937,222.070644,0.026771335,0.092347492,$340K,-2.90%,9.60%,1.7,0.2,-0.6,1606,-6.80%,1.30%,9/1/16,30,9/30/16,0.393676916,-0.025168891,0.050238839,All Residential,"Denver, CO",place,0.340909091,-0.041561029,-0.040680867,Colorado,CO,5155
Value,,1,0.993873087,-0.40%,-0.10%,Denver,1329,-2.60%,-2.50%,2089,-9.50%,-20.10%,17,4,-14,227.5910364,-0.015640777,0.055229111,369900,-0.013468462,0.070622287,221.0193956,-0.004733847,0.133358474,$346K,1.80%,11.60%,1.6,-0.1,-0.3,1222,-23.90%,-19.30%,10/1/16,30,10/31/16,0.372426999,-0.021249918,0.02378559,All Residential,"Denver, CO",place,0.305722892,-0.035186199,-0.026876227,Colorado,CO,5155
Value,,1,0.990875552,-0.30%,0.00%,Denver,1202,-9.60%,16.70%,1769,-15.30%,-21.90%,19,2,-16,225.2929011,-0.010097653,0.09267057,354200,-0.042443904,0.117350158,219.350205,-0.007552236,0.072996471,$351K,1.40%,8.00%,1.5,-0.1,-0.7,962,-21.30%,3.40%,11/1/16,30,11/30/16,0.30638779,-0.066039209,0.058373668,All Residential,"Denver, CO",place,0.296173045,-0.009549847,-0.005768703,Colorado,CO,5155
Value,,1,0.989434224,-0.10%,-0.10%,Denver,1258,4.70%,-8.40%,1424,-19.50%,-19.30%,24,5,-17,226.4957265,0.005338941,0.107312441,339900,-0.040372671,0.052647879,217.1215184,-0.010160403,0.061836892,$349K,-0.40%,10.90%,1.1,-0.4,-0.2,645,-33.00%,-3.00%,12/1/16,30,12/31/16,0.191011236,-0.115376554,0.030671293,All Residential,"Denver, CO",place,0.263116057,-0.033056988,-0.02457513,Colorado,CO,5155
Value,,1,0.978489799,0.40%,0.50%,San Diego,895,-37.10%,1.60%,2365,4.70%,-13.70%,36,1,-9,378.1512605,0.044127289,0.076638352,525000,0.052104208,0.052104208,354.2234332,0.009159951,0.053802397,$493K,-2.40%,7.20%,2.6,1,-0.5,1396,75.60%,-0.90%,1/1/16,30,1/31/16,0.177167019,0.021345859,-0.040795741,All Residential,"San Diego, CA",place,0.192178771,0.018479755,0.049159475,California,CA,16904
Value,,1,0.97648154,-0.20%,0.20%,San Diego,992,10.80%,-2.20%,2458,3.90%,-10.30%,32,-4,-13,381.0039188,0.007543696,0.056295811,549000,0.045714286,0.055769231,364.0422535,0.027719285,0.084836822,$479K,-2.80%,0.30%,2.5,-0.1,-0.2,1606,15.00%,2.50%,2/1/16,30,2/29/16,0.205044752,0.027877733,-0.013853461,All Residential,"San Diego, CA",place,0.175403226,-0.016775545,0.008736559,California,CA,16904
Value,,1,0.982258405,0.60%,0.30%,San Diego,1383,39.40%,2.40%,2517,2.40%,-10.00%,18,-14,-10,380.6170191,-0.001015474,0.054437592,550000,0.001821494,0.033834586,371.399473,0.020209796,0.083581258,$500K,4.40%,2.00%,1.8,-0.7,-0.3,1809,12.60%,-4.70%,3/1/16,30,3/31/16,0.232022249,0.026977497,-0.001358738,All Residential,"San Diego, CA",place,0.234273319,0.058870093,0.041083089,California,CA,16904
Value,,1,0.985452596,0.30%,0.50%,San Diego,1528,10.50%,-2.40%,2658,5.60%,-11.20%,17,-1,-7,380.8945702,0.000729213,0.053726398,565000,0.027272727,0.072309736,367.1800878,-0.011360773,0.060278799,$526K,5.10%,7.40%,1.7,-0.1,-0.2,1903,5.20%,-2.50%,4/1/16,30,4/30/16,0.244920993,0.012898745,-0.026956094,All Residential,"San Diego, CA",place,0.270287958,0.036014639,0.060837128,California,CA,16904
Value,,1,0.98430212,-0.10%,0.30%,San Diego,1525,-0.20%,2.60%,2717,2.20%,-11.40%,18,1,-1,381.7626096,0.002278949,0.041283313,579000,0.024778761,0.102857143,369.8606144,0.007300305,0.073280709,$525K,-0.10%,7.10%,1.8,0.1,-0.3,1856,-2.50%,1.60%,5/1/16,30,5/31/16,0.262421789,0.017500796,0.001254524,All Residential,"San Diego, CA",place,0.244590164,-0.025697794,0.027228118,California,CA,16904
Value,,1,0.986699699,0.20%,0.50%,San Diego,1674,9.80%,-1.90%,2978,9.60%,-7.60%,16,-2,-6,387.0128174,0.013752546,0.065797017,549900,-0.050259067,0.088910891,369.5473251,-0.000847047,0.045534663,$530K,1.00%,3.90%,1.8,0,-0.1,1949,5.00%,0.70%,6/1/16,30,6/30/16,0.286098052,0.023676264,0.025471307,All Residential,"San Diego, CA",place,0.275552899,0.030962735,0.067463802,California,CA,16904
Value,,1,0.983809537,-0.30%,0.20%,San Diego,1470,-12.20%,-9.60%,3087,3.70%,-8.40%,19,3,-3,387.1516706,0.000358782,0.054669512,549000,-0.001636661,0.057803468,370.5510388,0.002716063,0.048196251,$529K,-0.20%,5.40%,2.1,0.3,0,1812,-7.00%,-5.30%,7/1/16,30,7/31/16,0.28409459,-0.002003462,0.009910614,All Residential,"San Diego, CA",place,0.263265306,-0.012287593,0.033726845,California,CA,16904
Value,,1,0.98243903,-0.10%,0.40%,San Diego,1567,6.60%,8.00%,2966,-3.90%,-12.00%,22,3,-1,381.7699919,-0.013900698,0.060489445,539000,-0.018214936,0.039537126,378.7103378,0.022019366,0.067274588,$526K,-0.70%,6.80%,1.9,-0.2,-0.4,1655,-8.70%,-3.10%,8/1/16,30,8/31/16,0.323331086,0.039236495,0.02561663,All Residential,"San Diego, CA",place,0.211869815,-0.051395491,0.022345349,California,CA,16904
Value,,1,0.983143709,0.10%,0.40%,San Diego,1477,-5.70%,9.20%,2678,-9.70%,-18.10%,24,2,-2,384.1178833,0.006150016,0.051697953,539450,0.000834879,0.079115823,372.4172639,-0.016617117,0.077304675,$525K,-0.10%,12.90%,1.8,-0.1,-0.6,1448,-12.50%,-2.00%,9/1/16,30,9/30/16,0.318147872,-0.005183214,0.023040838,All Residential,"San Diego, CA",place,0.214624238,0.002754423,0.035023351,California,CA,16904
Value,,1,0.981368234,-0.20%,0.30%,San Diego,1390,-5.90%,6.30%,2448,-8.60%,-18.70%,27,3,-4,394.4444444,0.026883833,0.066248232,525000,-0.026786542,0.026493303,379.5066414,0.019036114,0.075545922,$542K,3.30%,13.90%,1.8,0,-0.5,1309,-9.60%,-7.80%,10/1/16,30,10/31/16,0.272058824,-0.046089048,-0.02442192,All Residential,"San Diego, CA",place,0.202158273,-0.012465965,0.023887424,California,CA,16904
Value,,1,0.979455034,-0.20%,0.20%,San Diego,1346,-3.20%,27.70%,2233,-8.80%,-15.10%,26,-1,-3,385.3524229,-0.023050195,0.024642212,545000,0.038095238,0.038095238,373.3766234,-0.016152597,0.066047462,$530K,-2.40%,8.80%,1.7,-0.1,-0.8,1049,-19.90%,-2.90%,11/1/16,30,11/30/16,0.228840125,-0.043218698,-0.001197897,All Residential,"San Diego, CA",place,0.190936107,-0.011222166,0.021106885,California,CA,16904
Value,,1,0.979352117,0.00%,0.40%,San Diego,1193,-11.40%,-16.20%,1843,-17.50%,-18.40%,28,2,-7,388.3472963,0.007771778,0.072279937,530000,-0.027522936,0.062124248,372.4489796,-0.002484472,0.06108337,$520K,-1.80%,3.00%,1.5,-0.2,-0.1,772,-26.40%,-2.90%,12/1/16,30,12/31/16,0.176885513,-0.051954613,0.021064353,All Residential,"San Diego, CA",place,0.186085499,-0.004850608,0.012386483,California,CA,16904
Value,,1,0.984260284,-1.30%,0.00%,"Washington, DC",515,-36.90%,6.20%,1320,3.20%,12.90%,35,12,-2,453.1814184,0.14980348,0.007662213,489000,-0.00102145,0.009808983,404.3478261,-0.083819483,-0.018012422,$470K,-10.40%,-3.10%,2.6,1,0.2,689,41.20%,6.70%,1/1/16,30,1/31/16,0.184848485,-0.019217191,-0.034997537,All Residential,"Washington, DC",place,0.249027237,-0.072051194,0.016037547,Columbia,DC,12839
Value,,1,0.999509073,1.50%,0.80%,"Washington, DC",513,-0.40%,4.90%,1289,-2.30%,9.60%,34,-1,-4,459.3943064,0.013709494,0.037210552,549900,0.124539877,0.078235294,433.9118825,0.073115408,-0.000815096,$540K,14.90%,11.50%,2.5,-0.1,0.1,794,15.20%,12.80%,2/1/16,30,2/29/16,0.211792087,0.026943602,0.025567597,All Residential,"Washington, DC",place,0.319688109,0.070660872,0.045659479,Columbia,DC,12839
Value,,1,0.995932113,-0.40%,0.10%,"Washington, DC",686,33.70%,13.00%,1498,16.20%,16.80%,23,-11,3,461.9698407,0.00560637,-0.009828872,550000,0.000181851,0.05973025,434.7826087,0.002006689,0.015365711,$485K,-10.20%,-3.20%,2.2,-0.3,0.1,1227,54.50%,23.90%,3/1/16,30,3/31/16,0.218958611,0.007166525,0.020985112,All Residential,"Washington, DC",place,0.344525547,0.024837438,0.010093916,Columbia,DC,12839
Value,,1,1.000649543,0.50%,-0.30%,"Washington, DC",794,15.70%,2.20%,1535,2.50%,8.00%,17,-6,3,482.4390244,0.044308485,0.016786045,599000,0.089090909,0.090081893,459.5403439,0.056942791,0.008186687,$523K,7.70%,4.50%,1.9,-0.3,0.1,1172,-4.50%,-0.30%,4/1/16,30,4/30/16,0.284039088,0.065080476,0.060253022,All Residential,"Washington, DC",place,0.366498741,0.021973193,-0.035045661,Columbia,DC,12839
Value,,1,1.006645245,0.60%,0.20%,"Washington, DC",883,11.20%,15.10%,1547,0.80%,4.50%,12,-5,1,478.75,-0.007646613,0.059061707,549900,-0.08196995,0.028042625,481.7413356,0.048311301,0.026687134,$570K,9.10%,6.50%,1.8,-0.1,-0.1,1054,-10.10%,-2.00%,5/1/16,30,5/31/16,0.277957337,-0.006081751,0.026605985,All Residential,"Washington, DC",place,0.408833522,0.042334782,-0.01228773,Columbia,DC,12839
Value,,1,1.001498668,-0.50%,-0.50%,"Washington, DC",952,7.80%,3.70%,1525,-1.40%,3.00%,15,3,2,467.5267459,-0.023442828,0.026184545,557000,0.012911438,0.081553398,467.2003074,-0.030184307,-0.004327214,$550K,-3.50%,-1.90%,1.6,-0.2,0,1018,-3.40%,1.80%,6/1/16,30,6/30/16,0.290491803,0.012534466,0.033908414,All Residential,"Washington, DC",place,0.37289916,-0.035934362,-0.020347028,Columbia,DC,12839
Value,,1,1.000399326,-0.10%,-0.20%,"Washington, DC",819,-14.00%,-20.90%,1480,-3.00%,-0.50%,16,1,1,456.3185115,-0.023973461,0.001293191,549000,-0.014362657,0.100200401,481.2169312,0.030001316,0.041289782,$558K,1.50%,4.30%,1.8,0.2,0.4,870,-14.50%,-3.50%,7/1/16,30,7/31/16,0.25,-0.040491803,-0.013618023,All Residential,"Washington, DC",place,0.372405372,-0.000493787,0.009471009,Columbia,DC,12839
Value,,1,0.994586887,-0.60%,-0.70%,"Washington, DC",823,0.50%,8.30%,1346,-9.10%,-6.10%,17,1,-1,425.8130081,-0.066851339,-0.017972613,474825,-0.13510929,-0.010779189,475.7913705,-0.011274667,0.039943996,$575K,3.00%,9.50%,1.6,-0.2,-0.3,700,-19.50%,-5.40%,8/1/16,30,8/31/16,0.23551263,-0.01448737,-0.012046645,All Residential,"Washington, DC",place,0.354014599,-0.018390774,-0.007827507,Columbia,DC,12839
Value,,1,0.992327116,-0.20%,-0.50%,"Washington, DC",776,-5.70%,45.30%,1605,19.20%,-4.80%,23,6,0,476.1620977,0.118242253,0.016420439,572197.5,0.205070289,0.067134465,457.5916667,-0.038251437,-0.045916257,$529K,-8.00%,4.60%,2.1,0.5,-1.1,1137,62.40%,1.20%,9/1/16,30,9/30/16,0.234267913,-0.001244717,-0.021959845,All Residential,"Washington, DC",place,0.291612903,-0.062401695,-0.04172043,Columbia,DC,12839
Value,,1,0.997324467,0.50%,-0.30%,"Washington, DC",693,-10.70%,-5.20%,1569,-2.20%,-9.60%,19,-4,4,458.0820281,-0.037970409,0.018558863,552000,-0.035298127,0.018451124,459.0840242,0.00326133,0.047380439,$543K,2.60%,5.40%,2.3,0.2,-0.1,923,-18.80%,-11.00%,10/1/16,30,10/31/16,0.273422562,0.039154649,-0.060102783,All Residential,"Washington, DC",place,0.334776335,0.043163432,-0.022757912,Columbia,DC,12839
Value,,1,0.996847782,0.00%,0.00%,"Washington, DC",732,5.60%,15.80%,1533,-2.30%,0.90%,17,-2,-2,451.0848877,-0.015274863,0.033443724,524000,-0.050724638,0.048209642,474.4744745,0.033524256,0.027722703,$551K,1.50%,1.60%,2.1,-0.2,-0.3,738,-20.00%,14.20%,11/1/16,30,11/30/16,0.241356817,-0.032065745,-0.044357469,All Residential,"Washington, DC",place,0.352459016,0.017682682,0.005390871,Columbia,DC,12839
Value,,1,0.994553725,-0.20%,-0.20%,"Washington, DC",712,-2.70%,-12.70%,1312,-14.40%,2.60%,19,2,-4,416.2065972,-0.077320902,0.05599165,498450,-0.048759542,0.018283963,453.5520601,-0.044095975,0.027668592,$544K,-1.30%,3.60%,1.8,-0.3,0.2,519,-29.70%,6.40%,12/1/16,30,12/31/16,0.181402439,-0.059954378,-0.022663237,All Residential,"Washington, DC",place,0.304775281,-0.047683735,-0.01630315,Columbia,DC,12839